page	textbox	texture	position	offsets
2	TextBox_00	amiibo_logo_c.bclim	RightTop	(10, 77.99999237060547, 0, 10)
6	TextBox_38	06_icon_01.bclim	LeftTop	(79.0, 12, 22.0, 3)
7	TextBox_41	06_icon_01.bclim	LeftTop	(98.0, 12, 0, 3)
7	TextBox_44	06_icon_01.bclim	LeftTop	(98.0, 12, 0, 3)
8	TextBox_162	08_icon_01.bclim	LeftTop	(103.0, 12, 0, 3)
9	TextBox_138	08_icon_01.bclim	LeftTop	(95.0, 12, 0, 3)
11	TextBox_201	11_01.bclim	RightTop	(10, 6.0, 9.0, 10)
11	TextBox_220	11_icon_07.bclim	RightTop	(10, 75.79999923706055, 24.0, 10)
13	TextBox_141	13_01.bclim	RightTop	(10, 6.0, 9.0, 10)
13	TextBox_143	13_02.bclim	RightTop	(10, 6.0, 9.0, 10)
13	TextBox_144	13_icon_07.bclim	LeftBottom	(117.0, 0, 0, 50.33333396911621)
13	TextBox_145	13_icon_01.bclim	LeftBottom	(105.0, 0, 0, 72.0000057220459)
14	TextBox_42	14_01.bclim	RightTop	(10, 6.0, 9.0, 10)
14	TextBox_60	14_icon_09.bclim	LeftTop	(58.0, 12, 44.0, 3)
15	TextBox_37	button_START.bclim	RightBottom	(0, 72.00000762939453, 0, 22.111114501953125)
17	TextBox_06	17_icon_01.bclim	RightTop	(10, 124.79999923706055, 0, 10)
17	TextBox_12	14_icon_01.bclim	LeftTop	(76.0, 12, 24.0, 3)
17	TextBox_15	17_icon_02.bclim	RightTop	(10, 95.5999984741211, 48.0, 10)
17	TextBox_18	17_icon_02.bclim	LeftTop	(95.0, 12, 0, 3)
18	TextBox_94	18_01.bclim	RightTop	(10, 6.0, 9.0, 10)
