page	group	kind	parent	x	y	w	h
1	Group_00	Null	None	8.0	174.0	304.0	218.0
1	HorizonG_00	HorizontalCombinedGroup	None	8.0	412.0	304.0	31.0
1	HorizonG_01	HorizontalCombinedGroup	None	8.0	1260.0	304.0	359.0
1	Group_00_0	Null	HorizonG_01	16.0	1268.0	288.0	343.0
2	HorizonG_01	HorizontalCombinedGroup	None	7.0	708.8	302.0	31.0
3	Group_05	Null	None	8.0	181.0	304.0	120.0
5	Group_10	Null	None	10.0	273.0	301.0	265.0
5	HorizonG_00	HorizontalCombinedGroup	Group_10	10.0	273.0	140.0	248.0
5	Group_00	Null	HorizonG_00	19.0	283.0	122.0	226.0
5	HorizonG_01	HorizontalCombinedGroup	Group_10	171.0	290.0	140.0	248.0
5	Group_01	Null	HorizonG_01	180.0	300.0	122.0	226.0
5	Group_03	Null	None	0.0	1474.0	320.0	293.0
5	HorizonG_06	HorizontalCombinedGroup	Group_03	171.0	1519.0	140.0	248.0
5	Group_02	Null	HorizonG_06	180.0	1529.0	122.0	226.0
5	Group_06	Null	None	0.0	1014.0	320.0	475.0
5	HorizonG_04	HorizontalCombinedGroup	Group_06	10.0	1245.0	140.0	226.0
5	Group_08	Null	HorizonG_04	19.0	1255.0	122.0	204.0
5	HorizonG_05	HorizontalCombinedGroup	Group_06	171.0	1263.0	140.0	226.0
5	Group_09	Null	HorizonG_05	180.0	1273.0	122.0	204.0
5	Group_07	Null	None	0.0	538.0	320.0	488.0
5	HorizonG_02	HorizontalCombinedGroup	Group_07	10.0	742.0	140.0	270.0
5	Group_04	Null	HorizonG_02	19.0	752.0	122.0	248.0
5	HorizonG_03	HorizontalCombinedGroup	Group_07	171.0	778.0	140.0	248.0
5	Group_05	Null	HorizonG_03	180.0	788.0	122.0	226.0
6	Group_05	Null	None	10.0	258.0	300.0	162.11
6	Group_06	Null	Group_05	10.0	258.0	300.0	33.0
6	Group_01	Null	None	10.0	161.0	300.0	87.0
6	Group_02	Null	Group_01	10.0	161.0	300.0	33.0
6	Group_03	Null	None	10.0	430.11	300.0	111.0
6	Group_04	Null	Group_03	10.0	430.11	300.0	33.0
6	Group_00	Null	None	10.0	30.0	300.0	121.0
6	Group_10	Null	Group_00	10.0	88.0	300.0	63.0
6	Group_11	Null	Group_10	10.0	88.0	300.0	33.0
6	Group_07	Null	None	10.0	551.11	300.0	87.0
6	Group_08	Null	Group_07	10.0	551.11	300.0	33.0
7	Group_00	Null	None	10.0	30.0	300.0	205.6
7	Group_07	Null	Group_00	10.0	30.0	300.0	33.0
7	Group_01	Null	None	10.0	245.6	300.0	114.6
7	Group_02	Null	Group_01	10.0	245.6	300.0	33.0
7	Group_03	Null	None	10.0	370.2	300.0	300.0
7	Group_04	Null	Group_03	10.0	370.2	300.0	33.0
7	HorizonG_13	HorizontalCombinedGroup	None	10.0	680.2	300.0	472.0
8	Group_04	Null	None	0.0	30.0	310.0	424.0
8	Group_07	Null	Group_04	0.0	30.0	310.0	52.0
8	HorizonG_11	HorizontalCombinedGroup	Group_07	14.0	36.0	296.0	46.0
8	Group_00	Null	Group_04	10.0	90.0	300.0	364.0
8	HorizonG_12	HorizontalCombinedGroup	Group_00	10.0	125.0	300.0	36.0
8	HorizonG_15	HorizontalCombinedGroup	Group_00	10.0	90.0	300.0	36.0
8	HorizonG_23	HorizontalCombinedGroup	Group_00	10.0	394.0	300.0	60.0
8	HorizonG_24	HorizontalCombinedGroup	Group_00	10.0	160.0	300.0	36.0
8	HorizonG_02	HorizontalCombinedGroup	Group_00	10.0	195.0	300.0	36.0
8	HorizonG_05	HorizontalCombinedGroup	Group_00	10.0	230.0	300.0	36.0
8	HorizonG_06	HorizontalCombinedGroup	Group_00	10.0	265.0	300.0	36.0
8	HorizonG_07	HorizontalCombinedGroup	Group_00	10.0	300.0	300.0	36.0
8	HorizonG_08	HorizontalCombinedGroup	Group_00	10.0	335.0	300.0	60.0
8	Group_05	Null	None	10.0	464.0	300.0	276.0
8	Group_09	Null	Group_05	10.0	464.0	300.0	33.0
8	Group_01	Null	Group_05	10.0	505.0	300.0	235.0
8	HorizonG_04	HorizontalCombinedGroup	Group_01	10.0	540.0	300.0	36.0
8	HorizonG_09	HorizontalCombinedGroup	Group_01	10.0	505.0	300.0	36.0
8	HorizonG_14	HorizontalCombinedGroup	Group_01	10.0	575.0	300.0	36.0
8	HorizonG_27	HorizontalCombinedGroup	Group_01	10.0	610.0	300.0	36.0
8	HorizonG_28	HorizontalCombinedGroup	Group_01	10.0	645.0	300.0	60.0
8	HorizonG_29	HorizontalCombinedGroup	Group_01	10.0	704.0	300.0	36.0
8	Group_06	Null	None	10.0	750.0	300.0	278.0
8	Group_03	Null	Group_06	10.0	750.0	300.0	33.0
8	Group_02	Null	Group_06	10.0	791.0	300.0	237.0
8	HorizonG_00	HorizontalCombinedGroup	Group_02	10.0	850.0	300.0	60.0
8	HorizonG_01	HorizontalCombinedGroup	Group_02	10.0	791.0	300.0	60.0
8	HorizonG_03	HorizontalCombinedGroup	Group_02	10.0	909.0	300.0	60.0
8	HorizonG_17	HorizontalCombinedGroup	Group_02	10.0	968.0	300.0	60.0
8	HorizonG_13	HorizontalCombinedGroup	None	10.0	1107.0	300.0	166.2
8	Group_12	Null	HorizonG_13	24.0	1114.0	272.0	150.2
9	Group_09	Null	None	10.0	234.0	300.0	332.0
9	Group_03	Null	Group_09	20.0	399.0	280.0	167.0
9	HorizonG_14	HorizontalCombinedGroup	Group_03	20.0	399.0	280.0	108.0
9	HorizonG_15	HorizontalCombinedGroup	Group_03	20.0	506.0	280.0	60.0
9	HorizonG_11	HorizontalCombinedGroup	Group_09	10.0	234.0	300.0	34.0
9	Group_10	Null	None	0.0	30.0	310.0	193.59
9	Group_11	Null	Group_10	0.0	30.0	310.0	52.0
9	HorizonG_10	HorizontalCombinedGroup	Group_11	14.0	36.0	296.0	46.0
9	Group_02	Null	Group_10	10.0	92.0	300.0	131.59
9	Group_12	Null	Group_02	54.0	92.0	212.0	131.59
9	Group_19	Null	Group_02	213.0	135.0	97.0	26.0
9	Group_13	Null	Group_19	274.0	135.0	36.0	26.0
9	Group_20	Null	Group_02	10.0	95.0	141.0	40.0
9	Group_14	Null	Group_20	10.0	95.0	36.0	26.0
9	Group_00	Null	Group_02	157.0	175.0	153.0	28.0
9	Group_01	Null	Group_00	274.0	177.0	36.0	26.0
9	HorizonG_00	HorizontalCombinedGroup	None	10.0	576.0	300.0	34.0
9	HorizonG_01	HorizontalCombinedGroup	None	10.0	620.0	300.0	34.0
9	Group_16	Null	None	10.0	664.0	300.0	87.0
9	Group_17	Null	Group_16	10.0	664.0	300.0	33.0
9	Group_07	Null	None	46.0	761.0	228.0	140.0
9	Group_18	Null	Group_07	90.0	761.0	140.0	140.0
9	Group_21	Null	Group_07	217.0	771.0	57.0	26.0
9	Group_22	Null	Group_21	238.0	771.0	36.0	26.0
9	Group_23	Null	Group_07	46.0	803.0	64.0	26.0
9	Group_24	Null	Group_23	46.0	803.0	36.0	26.0
9	Group_25	Null	Group_07	199.0	852.0	75.0	26.0
9	Group_26	Null	Group_25	238.0	852.0	36.0	26.0
9	Group_08	Null	None	10.0	911.0	300.0	183.0
9	HorizonG_03	HorizontalCombinedGroup	Group_08	10.0	911.0	300.0	34.0
9	Group_04	Null	Group_08	20.0	953.0	280.0	141.0
9	HorizonG_02	HorizontalCombinedGroup	Group_04	20.0	953.0	280.0	36.0
9	HorizonG_12	HorizontalCombinedGroup	Group_04	20.0	1058.0	280.0	36.0
9	HorizonG_13	HorizontalCombinedGroup	Group_04	20.0	1023.0	280.0	36.0
9	HorizonG_16	HorizontalCombinedGroup	Group_04	20.0	988.0	280.0	36.0
9	Group_05	Null	None	10.0	1104.0	300.0	86.0
9	HorizonG_04	HorizontalCombinedGroup	Group_05	10.0	1104.0	300.0	34.0
9	Group_06	Null	None	10.0	1200.0	300.0	117.2
9	HorizonG_05	HorizontalCombinedGroup	Group_06	10.0	1200.0	300.0	34.0
10	Group_15	Null	None	10.0	326.0	300.0	134.0
10	HorizonG_11	HorizontalCombinedGroup	Group_15	10.0	326.0	300.0	34.0
10	Group_08	Null	None	20.0	470.0	280.0	496.0
10	Group_02	Null	Group_08	20.0	470.0	280.0	24.0
10	Group_05	Null	Group_08	20.0	502.0	280.0	464.0
10	HorizonG_12	HorizontalCombinedGroup	Group_05	20.0	561.0	280.0	84.0
10	HorizonG_15	HorizontalCombinedGroup	Group_05	20.0	502.0	280.0	60.0
10	HorizonG_02	HorizontalCombinedGroup	Group_05	20.0	858.0	280.0	108.0
10	HorizonG_03	HorizontalCombinedGroup	Group_05	20.0	644.0	280.0	108.0
10	HorizonG_04	HorizontalCombinedGroup	Group_05	20.0	751.0	280.0	108.0
10	Group_10	Null	None	10.0	30.0	300.0	285.59
10	Group_00	Null	Group_10	10.0	184.0	300.0	131.59
10	Group_06	Null	Group_00	54.0	184.0	212.0	131.59
10	Group_19	Null	Group_00	166.0	275.0	144.0	26.0
10	Group_07	Null	Group_19	274.0	275.0	36.0	26.0
10	Group_20	Null	Group_00	10.0	196.0	97.0	26.0
10	Group_14	Null	Group_20	10.0	196.0	36.0	26.0
10	Group_04	Null	None	10.0	1237.0	300.0	133.0
10	HorizonG_00	HorizontalCombinedGroup	Group_04	10.0	1237.0	300.0	34.0
10	Group_09	Null	None	20.0	976.0	280.0	138.0
10	Group_03	Null	Group_09	20.0	976.0	280.0	24.0
10	Group_01	Null	Group_09	20.0	1008.0	280.0	106.0
10	HorizonG_09	HorizontalCombinedGroup	Group_01	20.0	1078.0	137.0	36.0
10	HorizonG_01	HorizontalCombinedGroup	Group_01	20.0	1008.0	137.0	36.0
10	HorizonG_05	HorizontalCombinedGroup	Group_01	20.0	1043.0	137.0	36.0
10	HorizonG_06	HorizontalCombinedGroup	Group_01	163.0	1008.0	137.0	36.0
10	HorizonG_07	HorizontalCombinedGroup	Group_01	163.0	1043.0	137.0	36.0
11	Group_08	Null	None	0.0	30.0	310.0	314.0
11	Group_10	Null	Group_08	0.0	140.0	310.0	52.0
11	HorizonG_03	HorizontalCombinedGroup	Group_10	14.0	146.0	296.0	46.0
11	Group_12	Null	Group_08	10.0	200.0	300.0	144.0
11	Group_09	Null	None	0.0	358.0	310.0	132.0
11	Group_05	Null	Group_09	0.0	358.0	310.0	52.0
11	HorizonG_06	HorizontalCombinedGroup	Group_05	14.0	364.0	296.0	46.0
11	Group_11	Null	None	10.0	929.0	300.0	244.0
11	HorizonG_17	HorizontalCombinedGroup	Group_11	10.0	929.0	300.0	34.0
11	Group_01	Null	Group_11	20.0	971.0	280.0	202.0
11	HorizonG_12	HorizontalCombinedGroup	Group_01	20.0	1030.0	280.0	60.0
11	HorizonG_15	HorizontalCombinedGroup	Group_01	20.0	971.0	280.0	60.0
11	HorizonG_09	HorizontalCombinedGroup	Group_01	20.0	1089.0	280.0	84.0
11	HorizonG_11	HorizontalCombinedGroup	None	10.0	885.0	300.0	34.0
11	Group_04	Null	None	30.0	743.0	260.0	131.68
11	Group_00	Null	Group_04	74.0	743.0	172.0	131.68
11	Group_20	Null	Group_04	30.0	747.0	72.0	26.0
11	Group_03	Null	Group_20	30.0	747.0	36.0	26.0
11	Group_19	Null	Group_04	203.0	784.0	87.0	26.0
11	Group_07	Null	Group_19	254.0	784.0	36.0	26.0
11	Group_14	Null	None	10.0	502.0	300.0	33.0
11	Group_13	Null	Group_14	10.0	502.0	300.0	33.0
11	Group_06	Null	None	10.0	1425.6	300.0	341.0
11	Group_15	Null	Group_06	10.0	1425.6	300.0	24.0
11	HorizonG_07	HorizontalCombinedGroup	Group_06	10.0	1540.6	300.0	84.0
11	HorizonG_08	HorizontalCombinedGroup	Group_06	10.0	1457.6	300.0	84.0
11	HorizonG_01	HorizontalCombinedGroup	Group_06	10.0	1706.6	300.0	60.0
11	HorizonG_05	HorizontalCombinedGroup	Group_06	10.0	1623.6	300.0	84.0
11	Group_16	Null	None	0.0	1187.0	310.0	228.6
11	Group_02	Null	Group_16	0.0	1187.0	310.0	52.0
11	HorizonG_00	HorizontalCombinedGroup	Group_02	14.0	1193.0	296.0	46.0
11	HorizonG_13	HorizontalCombinedGroup	None	10.0	1776.6	300.0	112.0
12	Group_23	Null	None	10.0	344.0	300.0	86.0
12	HorizonG_11	HorizontalCombinedGroup	Group_23	10.0	344.0	300.0	34.0
12	Group_11	Null	None	10.0	440.0	300.0	86.0
12	HorizonG_09	HorizontalCombinedGroup	Group_11	10.0	440.0	300.0	34.0
12	Group_04	Null	None	0.0	30.0	310.0	162.0
12	Group_10	Null	Group_04	0.0	140.0	310.0	52.0
12	HorizonG_03	HorizontalCombinedGroup	Group_10	14.0	146.0	296.0	46.0
12	Group_14	Null	None	10.0	202.0	300.0	131.59
12	Group_01	Null	Group_14	54.0	202.0	212.0	131.59
12	Group_21	Null	Group_14	10.0	202.0	52.0	26.0
12	Group_22	Null	Group_21	10.0	202.0	36.0	26.0
12	Group_00	Null	Group_14	172.0	250.0	138.0	26.0
12	Group_02	Null	Group_00	274.0	250.0	36.0	26.0
12	Group_07	Null	Group_14	69.0	289.0	241.0	34.0
12	Group_08	Null	Group_07	274.0	293.0	36.0	26.0
12	Group_12	Null	None	10.0	536.0	300.0	86.0
12	HorizonG_00	HorizontalCombinedGroup	Group_12	10.0	536.0	300.0	34.0
12	Group_13	Null	None	10.0	632.0	300.0	87.0
12	Group_25	Null	Group_13	10.0	632.0	300.0	33.0
12	HorizonG_01	HorizontalCombinedGroup	None	10.0	863.0	300.0	58.0
12	Group_26	Null	None	10.0	931.0	300.0	110.0
12	HorizonG_10	HorizontalCombinedGroup	Group_26	10.0	931.0	300.0	34.0
12	Group_33	Null	None	46.0	729.0	228.0	124.0
12	Group_03	Null	Group_33	90.0	753.0	140.0	76.0
12	Group_15	Null	Group_33	46.0	780.0	61.0	26.0
12	Group_16	Null	Group_15	46.0	780.0	36.0	26.0
12	Group_17	Null	Group_33	208.0	766.0	66.0	26.0
12	Group_18	Null	Group_17	238.0	766.0	36.0	26.0
12	Group_19	Null	Group_33	46.0	729.0	91.0	38.0
12	Group_24	Null	Group_19	46.0	729.0	36.0	26.0
12	Group_27	Null	Group_33	46.0	818.0	75.0	35.0
12	Group_28	Null	Group_27	46.0	827.0	36.0	26.0
12	Group_29	Null	Group_33	209.0	797.0	65.0	26.0
12	Group_30	Null	Group_29	238.0	797.0	36.0	26.0
12	Group_31	Null	Group_33	178.0	818.0	96.0	35.0
12	Group_32	Null	Group_31	238.0	827.0	36.0	26.0
12	HorizonG_12	HorizontalCombinedGroup	None	10.0	1051.0	300.0	34.0
12	Group_20	Null	None	10.0	1330.0	300.0	86.0
12	HorizonG_04	HorizontalCombinedGroup	Group_20	10.0	1330.0	300.0	34.0
12	Group_09	Null	None	10.0	1426.0	300.0	86.0
12	HorizonG_05	HorizontalCombinedGroup	Group_09	10.0	1426.0	300.0	34.0
12	Group_06	Null	None	10.0	1095.0	300.0	225.0
12	HorizonG_02	HorizontalCombinedGroup	Group_06	10.0	1095.0	300.0	34.0
12	Group_05	Null	Group_06	20.0	1285.0	280.0	35.0
13	Group_04	Null	None	0.0	30.0	310.0	252.0
13	Group_10	Null	Group_04	0.0	30.0	310.0	52.0
13	HorizonG_06	HorizontalCombinedGroup	Group_10	14.0	36.0	296.0	46.0
13	Group_12	Null	Group_04	10.0	90.0	300.0	192.0
13	Group_05	Null	None	0.0	296.0	310.0	228.0
13	Group_06	Null	Group_05	0.0	296.0	310.0	52.0
13	HorizonG_03	HorizontalCombinedGroup	Group_06	14.0	302.0	296.0	46.0
13	Group_07	Null	Group_05	10.0	356.0	300.0	168.0
13	Group_08	Null	None	10.0	534.0	300.0	430.04
13	HorizonG_00	HorizontalCombinedGroup	Group_08	10.0	570.0	300.0	394.04
13	Group_09	Null	HorizonG_00	24.0	574.0	272.0	381.04
13	HorizonG_07	HorizontalCombinedGroup	Group_08	10.0	534.0	300.0	38.0
13	Group_02	Null	None	10.0	1142.04	300.0	291.0
13	HorizonG_02	HorizontalCombinedGroup	Group_02	10.0	1314.04	300.0	60.0
13	HorizonG_08	HorizontalCombinedGroup	Group_02	10.0	1142.04	300.0	173.0
13	Group_00	Null	HorizonG_08	78.0	1147.04	221.0	161.0
13	HorizonG_10	HorizontalCombinedGroup	Group_02	10.0	1373.04	300.0	60.0
13	Group_03	Null	None	0.0	978.04	310.0	156.0
13	Group_01	Null	Group_03	0.0	978.04	310.0	52.0
13	HorizonG_01	HorizontalCombinedGroup	Group_01	14.0	984.04	296.0	46.0
14	Group_00	Null	None	10.0	300.6	300.0	390.0
14	HorizonG_03	HorizontalCombinedGroup	Group_00	10.0	335.6	300.0	60.0
14	HorizonG_10	HorizontalCombinedGroup	Group_00	10.0	630.6	300.0	60.0
14	HorizonG_09	HorizontalCombinedGroup	Group_00	10.0	300.6	300.0	36.0
14	HorizonG_11	HorizontalCombinedGroup	Group_00	10.0	394.6	300.0	60.0
14	HorizonG_12	HorizontalCombinedGroup	Group_00	10.0	453.6	300.0	60.0
14	HorizonG_08	HorizontalCombinedGroup	Group_00	10.0	512.6	300.0	60.0
14	HorizonG_13	HorizontalCombinedGroup	Group_00	10.0	571.6	300.0	60.0
14	Group_01	Null	None	10.0	30.0	300.0	262.6
14	Group_12	Null	Group_01	10.0	30.0	300.0	171.6
14	Group_02	Null	None	0.0	819.71	320.0	198.0
14	Group_07	Null	Group_02	10.0	819.71	300.0	145.0
14	HorizonG_02	HorizontalCombinedGroup	Group_07	10.0	855.71	300.0	109.0
14	HorizonG_01	HorizontalCombinedGroup	Group_07	10.0	819.71	300.0	38.0
15	Group_00	Null	None	10.0	257.56	300.0	1429.0
15	HorizonG_17	HorizontalCombinedGroup	Group_00	10.0	292.56	300.0	84.0
15	HorizonG_18	HorizontalCombinedGroup	Group_00	10.0	1602.56	300.0	84.0
15	HorizonG_19	HorizontalCombinedGroup	Group_00	10.0	257.56	300.0	36.0
15	HorizonG_20	HorizontalCombinedGroup	Group_00	10.0	375.56	300.0	60.0
15	HorizonG_04	HorizontalCombinedGroup	Group_00	10.0	434.56	300.0	84.0
15	HorizonG_05	HorizontalCombinedGroup	Group_00	10.0	517.56	300.0	60.0
15	HorizonG_00	HorizontalCombinedGroup	Group_00	10.0	576.56	300.0	60.0
15	HorizonG_01	HorizontalCombinedGroup	Group_00	10.0	635.56	300.0	84.0
15	HorizonG_07	HorizontalCombinedGroup	Group_00	10.0	718.56	300.0	60.0
15	HorizonG_21	HorizontalCombinedGroup	Group_00	10.0	777.56	300.0	84.0
15	HorizonG_02	HorizontalCombinedGroup	Group_00	10.0	860.56	300.0	84.0
15	HorizonG_03	HorizontalCombinedGroup	Group_00	10.0	943.56	300.0	84.0
15	HorizonG_08	HorizontalCombinedGroup	Group_00	10.0	1026.56	300.0	84.0
15	HorizonG_09	HorizontalCombinedGroup	Group_00	10.0	1109.56	300.0	197.0
15	Group_02	Null	HorizonG_09	158.0	1114.56	141.0	185.0
15	HorizonG_10	HorizontalCombinedGroup	Group_00	10.0	1305.56	300.0	108.0
15	HorizonG_11	HorizontalCombinedGroup	Group_00	10.0	1412.56	300.0	132.0
15	HorizonG_12	HorizontalCombinedGroup	Group_00	10.0	1543.56	300.0	60.0
15	Group_01	Null	None	10.0	30.0	300.0	219.56
16	Group_00	Null	None	10.0	30.0	300.0	2115.0
16	HorizonG_23	HorizontalCombinedGroup	Group_00	10.0	137.0	300.0	180.0
16	HorizonG_24	HorizontalCombinedGroup	Group_00	10.0	1954.0	300.0	108.0
16	HorizonG_25	HorizontalCombinedGroup	Group_00	10.0	30.0	300.0	108.0
16	HorizonG_26	HorizontalCombinedGroup	Group_00	10.0	316.0	300.0	228.0
16	HorizonG_27	HorizontalCombinedGroup	Group_00	10.0	543.0	300.0	180.0
16	HorizonG_28	HorizontalCombinedGroup	Group_00	10.0	722.0	300.0	84.0
16	HorizonG_29	HorizontalCombinedGroup	Group_00	10.0	805.0	300.0	60.0
16	HorizonG_30	HorizontalCombinedGroup	Group_00	10.0	864.0	300.0	60.0
16	HorizonG_31	HorizontalCombinedGroup	Group_00	10.0	923.0	300.0	60.0
16	HorizonG_32	HorizontalCombinedGroup	Group_00	10.0	982.0	300.0	60.0
16	HorizonG_33	HorizontalCombinedGroup	Group_00	10.0	1041.0	300.0	84.0
16	HorizonG_34	HorizontalCombinedGroup	Group_00	10.0	1124.0	300.0	180.0
16	HorizonG_35	HorizontalCombinedGroup	Group_00	10.0	1303.0	300.0	108.0
16	HorizonG_36	HorizontalCombinedGroup	Group_00	10.0	1410.0	300.0	108.0
16	HorizonG_37	HorizontalCombinedGroup	Group_00	10.0	1517.0	300.0	60.0
16	HorizonG_38	HorizontalCombinedGroup	Group_00	10.0	1576.0	300.0	36.0
16	HorizonG_39	HorizontalCombinedGroup	Group_00	10.0	1611.0	300.0	60.0
16	HorizonG_40	HorizontalCombinedGroup	Group_00	10.0	1670.0	300.0	60.0
16	HorizonG_41	HorizontalCombinedGroup	Group_00	10.0	1729.0	300.0	84.0
16	HorizonG_42	HorizontalCombinedGroup	Group_00	10.0	1812.0	300.0	60.0
16	HorizonG_43	HorizontalCombinedGroup	Group_00	10.0	1871.0	300.0	84.0
16	HorizonG_00	HorizontalCombinedGroup	Group_00	10.0	2061.0	300.0	84.0
16	Group_07	Null	None	10.0	2155.0	300.0	169.0
16	HorizonG_02	HorizontalCombinedGroup	Group_07	10.0	2191.0	300.0	133.0
16	HorizonG_01	HorizontalCombinedGroup	Group_07	10.0	2155.0	300.0	38.0
17	Group_02	Null	None	10.0	64.0	300.0	186.6
17	Group_01	Null	Group_02	10.0	64.0	300.0	58.0
17	Group_00	Null	Group_01	10.0	93.0	300.0	29.0
17	Group_03	Null	None	10.0	265.6	300.0	230.6
17	Group_05	Null	Group_03	10.0	265.6	300.0	32.0
17	Group_08	Null	Group_05	10.0	268.6	300.0	29.0
17	Group_09	Null	None	10.0	511.2	300.0	261.2
17	Group_10	Null	Group_09	10.0	511.2	300.0	32.0
17	Group_11	Null	Group_10	10.0	514.2	300.0	29.0
17	Group_12	Null	None	10.0	787.4	300.0	350.2
17	Group_13	Null	Group_12	10.0	787.4	300.0	32.0
17	Group_14	Null	Group_13	10.0	790.4	300.0	29.0
17	Group_04	Null	None	10.0	1152.6	300.0	251.0
17	Group_06	Null	Group_04	10.0	1152.6	300.0	58.0
17	Group_07	Null	Group_06	10.0	1181.6	300.0	29.0
18	Group_04	Null	None	10.0	423.0	300.0	33.0
18	Group_16	Null	None	10.0	466.0	300.0	99.0
18	Group_15	Null	Group_16	10.0	466.0	300.0	24.0
18	Group_01	Null	None	0.0	257.0	310.0	156.0
18	Group_02	Null	Group_01	0.0	257.0	310.0	52.0
18	HorizonG_01	HorizontalCombinedGroup	Group_02	14.0	263.0	296.0	46.0
18	Group_10	Null	None	10.0	30.0	300.0	213.0
18	Group_12	Null	Group_10	10.0	30.0	300.0	144.0
18	Group_00	Null	None	10.0	575.0	300.0	123.0
18	Group_05	Null	Group_00	10.0	575.0	300.0	24.0
18	Group_06	Null	None	10.0	708.0	300.0	123.0
18	Group_07	Null	Group_06	10.0	708.0	300.0	24.0
18	Group_03	Null	None	0.0	841.0	320.0	243.0
18	Group_08	Null	Group_03	10.0	841.0	300.0	190.0
18	HorizonG_02	HorizontalCombinedGroup	Group_08	10.0	877.0	300.0	154.0
18	Group_09	Null	HorizonG_02	24.0	881.0	272.0	141.0
18	HorizonG_03	HorizontalCombinedGroup	Group_08	10.0	841.0	300.0	38.0
19	HorizonG_00	HorizontalCombinedGroup	None	8.0	10.0	304.0	53.0
19	HorizonG_01	HorizontalCombinedGroup	None	8.0	355.0	304.0	53.0
19	HorizonG_03	HorizontalCombinedGroup	None	8.0	408.0	304.0	290.0
19	Group_00	Null	HorizonG_03	13.0	416.0	294.0	274.0
19	HorizonG_04	HorizontalCombinedGroup	None	8.0	63.0	304.0	282.0
19	Group_02	Null	HorizonG_04	13.0	71.0	294.0	266.0
19	HorizonG_02	HorizontalCombinedGroup	Group_02	13.0	99.0	294.0	34.0
19	Group_01	Null	None	13.0	703.0	294.0	60.0
