page	title	textboxes	groups	visual_panes	inline_pictures	indented_textboxes	unassigned_runs	height
1	ご使用になる前に	15	4	2	0	2	0	1874.0
2	amiiboとは	5	1	2	1	2	0	848.0
3	保護者の方へ	4	1	0	0	2	0	311.0
4	プロローグ	1	0	2	0	0	0	1197.0
5	キャラクター	14	18	13	0	0	0	1792.0
6	ゲームの始めかた	12	11	7	1	1	0	691.0
7	セーブデータの管理	9	7	8	2	3	0	1205.0
8	操作方法	44	31	47	1	2	0	1326.0
9	フィールドの歩きかた	25	39	46	1	7	0	1370.0
10	ターゲットの選びかた	26	27	42	0	4	0	1426.0
11	メニュー	27	32	41	2	3	0	1941.0
12	バトルの基本	29	44	46	0	9	0	1565.0
13	仲間との連携	16	20	24	4	2	0	1486.0
14	アーツアイコンの種類	19	14	27	2	2	0	1017.0
15	バフ（支援）効果	37	20	54	1	2	0	1739.0
16	デバフ（異常）効果	46	26	70	0	0	0	2377.0
17	こんなときどうすれば？ Q＆A	14	15	14	4	4	0	1522.0
18	Collection	14	17	11	1	2	0	1084.0
19	お問い合わせ先	15	8	7	0	3	0	773.0
